{
  "paperId": "2607.15065",
  "dataset": "Diffusion Policy Push-T replay, 206 episodes",
  "testEpisodes": 50,
  "seeds": 8,
  "updates": 6000,
  "hardware": "NVIDIA RTX PRO 6000 Blackwell Server Edition",
  "backend": "kubernetes",
  "peakConcurrentGpuCount": 16,
  "campaignWallHours": 0.5406,
  "methods": {
    "MSE": {
      "branch": "orx/mse-independent-seeds",
      "runCommand": "bash run.sh",
      "trainEvalWallSeconds": 169.9852,
      "heldoutMse": [0.0007708551, 0.0008114669, 0.0007847091, 0.0007911747, 0.0007993997, 0.0008002386, 0.0007978156, 0.0007805847],
      "heldoutSsim": [0.9741881, 0.9730739, 0.9738742, 0.9738563, 0.9738177, 0.9736632, 0.9733875, 0.9738888],
      "rollout64Mse": [0.00540332, 0.00505685, 0.00670663, 0.00623021, 0.00487501, 0.00570015, 0.00627276, 0.00431340],
      "rollout64Ssim": [0.8862826, 0.8836285, 0.8611401, 0.8768656, 0.8969914, 0.8804560, 0.8712071, 0.9030181],
      "latencyMsPerFrame": [1.020703, 1.031172, 1.043147, 1.048975, 1.042401, 1.123926, 1.138626, 1.014114],
      "trueVsShuffledMseGain": [0.000005596, 0.000007272, 0.000005968, 0.000004843, 0.000004723, 0.000004161, 0.000005184, 0.000006003]
    },
    "Drift": {
      "branch": "orx/drift-independent-seeds",
      "runCommand": "bash run.sh",
      "trainEvalWallSeconds": 662.4048,
      "heldoutMse": [0.04525589, 0.04467526, 0.04487437, 0.04540964, 0.04510431, 0.04488328, 0.04494955, 0.04509857],
      "heldoutSsim": [0.8813624, 0.8818562, 0.8791980, 0.8883760, 0.8866639, 0.8797580, 0.8826474, 0.8839864],
      "rollout64Mse": [0.11707956, 0.11386526, 0.15338571, 0.07543904, 0.07026107, 0.08407694, 0.09252556, 0.11614437],
      "rollout64Ssim": [0.4769210, 0.5386953, 0.4203946, 0.6846270, 0.6575937, 0.5333914, 0.5653058, 0.4938931],
      "latencyMsPerFrame": [1.097085, 1.028586, 1.036516, 1.091788, 1.016249, 1.029315, 1.097668, 1.018878],
      "trueVsShuffledMseGain": [0.000000395, 0.000000674, 0.000001065, 0.000000454, 0.000000864, 0.000001255, 0.000000820, 0.000000212]
    },
    "Diffusion20": {
      "branch": "orx/20-step-diffusion-independent-seeds",
      "runCommand": "bash run.sh",
      "trainEvalWallSeconds": 207.7413,
      "heldoutMse": [0.17211294, 0.11990971, 0.10615738, 0.14765818, 0.14672554, 0.16728818, 0.15784709, 0.15648191],
      "heldoutSsim": [0.2099333, 0.2519156, 0.2662396, 0.2414453, 0.2350733, 0.2246295, 0.2352339, 0.2304088],
      "rollout64Mse": [0.23091534, 0.15962142, 0.20383567, 0.20884091, 0.19359206, 0.25376472, 0.20259435, 0.21206743],
      "rollout64Ssim": [0.1498864, 0.2100524, 0.1746792, 0.1674424, 0.1737373, 0.1472262, 0.1682200, 0.1594522],
      "latencyMsPerFrame": [25.816806, 24.618663, 25.336664, 25.543474, 24.318219, 24.382021, 24.234828, 24.468959],
      "trueVsShuffledMseGain": [0.000018537, 0.000031315, -0.000005245, 0.000021264, 0.000034526, -0.000013351, -0.000000507, 0.000004634]
    }
  }
}
